{"cameraMode":{"drawMode":0,"name":"Shaded","section":"Shading Mode"},"sceneLighting":true,"audioPlay":false,"sceneViewState":{"showFog":true,"showMaterialUpdate":false,"showSkybox":true,"showFlares":true,"showImageEffects":true,"showParticleSystems":true},"in2DMode":false,"pivot":{"x":0.6833014488220215,"y":0.6471548080444336,"z":0.3519020080566406},"rotation":{"x":-0.13762694597244264,"y":-0.058801256120204929,"z":0.008184253238141537,"w":-0.9887088537216187},"size":33.981468200683597,"orthographic":false}